{"stats":{"minecraft:dropped":{"minecraft:wooden_pickaxe":1},"minecraft:used":{"minecraft:stone_sword":28,"minecraft:stone_pickaxe":18,"minecraft:wooden_pickaxe":12,"minecraft:stone_axe":43,"minecraft:dirt":2,"minecraft:crafting_table":3,"minecraft:oak_sapling":6,"minecraft:furnace":1,"minecraft:cooked_porkchop":2,"alexsmobs:animal_dictionary":1,"minecraft:smoker":1},"minecraft:picked_up":{"minecraft:charcoal":4,"minecraft:stick":1,"minecraft:crafting_table":3,"minecraft:feather":7,"minecraft:chicken":5,"minecraft:smoker":1,"minecraft:porkchop":6,"minecraft:oak_log":52,"minecraft:gunpowder":2,"minecraft:string":2,"minecraft:dirt":2,"minecraft:rotten_flesh":2,"minecraft:oak_sapling":6,"minecraft:cobblestone":28,"minecraft:furnace":1},"minecraft:crafted":{"minecraft:oak_planks":24,"minecraft:charcoal":6,"minecraft:cooked_porkchop":0,"minecraft:crafting_table":1,"minecraft:stick":8,"minecraft:wooden_pickaxe":1,"minecraft:stone_pickaxe":1,"minecraft:stone_sword":1,"minecraft:furnace":1,"minecraft:stone_axe":1,"minecraft:smoker":1},"minecraft:killed":{"minecraft:pig":4,"minecraft:zombie_villager":1,"minecraft:chicken":5,"minecraft:spider":1,"alexsmobs:fly":1,"minecraft:creeper":2},"minecraft:mined":{"minecraft:oak_sapling":1,"minecraft:furnace":1,"minecraft:smoker":1,"minecraft:crafting_table":3,"minecraft:grass":3,"minecraft:grass_block":1,"minecraft:oak_log":53,"minecraft:dirt":1,"minecraft:stone":28,"minecraft:oak_leaves":2},"minecraft:custom":{"minecraft:time_since_rest":17678,"minecraft:interact_with_furnace":5,"minecraft:sprint_one_cm":46489,"minecraft:damage_taken":90,"minecraft:walk_one_cm":34786,"minecraft:mob_kills":14,"minecraft:drop":1,"minecraft:damage_dealt":1379,"minecraft:interact_with_crafting_table":5,"minecraft:fly_one_cm":37085,"minecraft:crouch_one_cm":447,"minecraft:play_time":17678,"minecraft:sneak_time":72,"minecraft:jump":245,"minecraft:leave_game":1,"minecraft:time_since_death":17678,"minecraft:interact_with_smoker":2,"minecraft:total_world_time":17678,"minecraft:fall_one_cm":3528}},"DataVersion":3120}